emission_co2e_subsector_total_agrc,emission_co2e_subsector_total_ccsq,emission_co2e_subsector_total_entc,emission_co2e_subsector_total_fgtv,emission_co2e_subsector_total_frst,emission_co2e_subsector_total_inen,emission_co2e_subsector_total_ippu,emission_co2e_subsector_total_lndu,emission_co2e_subsector_total_lsmm,emission_co2e_subsector_total_lvst,emission_co2e_subsector_total_scoe,emission_co2e_subsector_total_soil,emission_co2e_subsector_total_trns,emission_co2e_subsector_total_trww,emission_co2e_subsector_total_waso
103.72655197867468,0.0,8.053150246267252,1.135760522780226,3.0633097686129824,4.691308876688361,9.811166635563165,1.1773123518260802,0.6327803469193503,2.100488914222704,4.954143470036224,4.2343476667272695,10.22343344138076,0.1413015009806786,0.9258091038804184
23.429574995761666,0.0,44.43915950874175,68.65597858054893,2.336182319532263,2.480253327669753,13.624268234037032,0.9076851576060349,0.5745692441490717,1.4577178365127197,1.6922962455356974,10.184595433819569,189.41576060429824,0.3899055253556255,2.15419891968326
15.91251401930576,0.0,0.0,45.024668395534434,0.0601054576330177,4.392993560522184,5.8178727340800815,1.0299675701813922,0.801008649278756,3.2909123727575467,3.899421737296675,7.8558127294770115,7.902126901894747,1.84430100953141,1.319418758986031
12.008769293587616,0.0,102.45907354961504,103.83598960895696,-0.051202491041322,4.71580442894057,5.964705136449876,0.5365905409500289,2.7982218886758483,1.367834774155967,2.6932196094792995,6.4625545941237,1790.508143938161,2.5056359579741883,0.8340288049133147
16.009590963727113,0.0,88.39780353519595,21.39335821051994,2.683479980101034,4.81222784384397,0.8628042628410932,0.8127376508553995,1.2719355503950447,2.080097202281132,12.485918888545063,8.97413885045298,3725.2913884400905,2.082302001666491,0.7596445732500337
